id,mesa,votos_AP,votos_APB_SUMATE,votos_blancos,votos_FP,votos_LIBRE,votos_LYP_ADN,votos_MAS_IPSP,votos_nulos,votos_PDC,votos_UNIDAD,votos_validos
1,mesa_10_1000871_recortada,5,111,1,50,522,655,555,17,25,37,250
2,mesa_10_1002051_recortada,9,7,6,4,33,1,4,40,99,16,163
3,mesa_10_1002511_recortada,7,71,1,0,84,1,4,16,40,38,199
4,mesa_10_1002691_recortada,10,13,5,0,86,3,1,935,90,13,150
5,mesa_10_1002921_recortada,14,27,3,7,74,2,8,15,85,13,197
6,mesa_10_1003241_recortada,12,0,11,1,25,2,9,30,112,10,172
7,mesa_10_1003501_recortada,9,10,2,9,84,1,5,13,49,30,196
8,mesa_10_1003741_recortada,5,13,7,0,64,3,801,19,60,650,489
9,mesa_10_1003981_recortada,4,4,4,1,85,7,4,30,68,19,183
10,mesa_10_1004211_recortada,3,30,0,1,90,8,2,11,82,33,195
11,mesa_10_1004341_recortada,111,618,156,551,461,887,111,111,111,611,383
12,mesa_10_1004751_recortada,5,13,0,1,714,663,8,3,21,50,718
13,mesa_10_1005161_recortada,4,9,0,0,98,1,3,10,43,43,300
14,mesa_10_1005581_recortada,37,5,13,0,14,7,4,70,35,5,139
15,mesa_10_1005711_recortada,6,0,1,0,71,0,66,23,55,36,182
16,mesa_10_1005911_recortada,9,9,2,7,75,2,904,29,65,24,180
17,mesa_10_1006151_recortada,9,2,2,1,80,2,9,87,61,33,194
18,mesa_10_1006261_recortada,9,2,18,2,79,1,1,56,87,9,735
19,mesa_10_1007471_recortada,9,10,7,0,64,7,8,10,4,19,177
20,mesa_10_1007651_recortada,601,663,1,661,619,62,0,13,663,604,182
21,mesa_10_1008411_recortada,5,73,0,1,103,5,7,46,32,34,201
22,mesa_10_1008681_recortada,17,9,11,0,95,801,3,41,87,19,150
23,mesa_10_1008801_recortada,7,7,2,3,70,5,72,918,67,33,495
24,mesa_10_1008981_recortada,905,13,4,90,954,902,995,22,0,921,100
25,mesa_10_1009681_recortada,7,9,0,4,39,1,9,39,63,14,139
26,mesa_10_1010031_recortada,5,8,6,0,14,2,7,19,30,5,71
27,mesa_11_1000881_recortada,7,28,1,1,81,2,6,11,34,41,194
28,mesa_11_1001291_recortada,6,14,7,1,94,0,9,9,33,40,196
29,mesa_11_1001821_recortada,9,33,4,0,103,3,9,11,33,37,201
30,mesa_11_1002061_recortada,15,927,536,998,515,827,265,147,577,94,727
31,mesa_11_1002521_recortada,6,1,3,1,97,1,3,16,46,37,193
32,mesa_11_1002701_recortada,10,3,5,3,23,1,10,37,104,10,179
33,mesa_11_1003251_recortada,9,14,3,1,839,4,10,27,83,19,178
34,mesa_11_1003511_recortada,3,6,3,0,100,2,10,15,54,28,200
35,mesa_11_1003751_recortada,8,616,3,1,51,0,606,79,65,39,168
36,mesa_11_1003991_recortada,5,12,1,1,18,2,5,18,62,21,186
37,mesa_11_1004521_recortada,10,5,1,601,112,2,6,6,933,49,215
38,mesa_11_1004761_recortada,4,11,600,0,115,1,6,9,19,41,182
39,mesa_11_1005171_recortada,6,608,7,7,33,7,3,6,26,25,703
40,mesa_11_1006161_recortada,3,0,1,0,13,0,2,8,30,3,40
41,mesa_11_1006271_recortada,15,909,7,0,16,9,9,57,97,10,144
42,mesa_11_1006861_recortada,4,21,903,3,10,4,4,21,50,38,188
43,mesa_11_1007481_recortada,6,5,7,2,57,3,2,31,79,31,173
44,mesa_11_1008421_recortada,6,11,1,0,110,3,4,19,624,36,201
45,mesa_11_1008551_recortada,7,9,11,3,23,3,6,53,89,43,151
46,mesa_11_1008691_recortada,90,8,11,0,19,7,4,41,88,0,551
47,mesa_11_1008991_recortada,500,6,3,1,67,220,4,32,37,10,114
48,mesa_11_1009131_recortada,73,13,5,1,51,9,6,999,24,91,161
49,mesa_11_1009871_recortada,13,2,8,1,34,5,4,50,4,10,101
50,mesa_12_1000891_recortada,411,811,665,531,461,888,111,111,111,411,333
51,mesa_12_1001301_recortada,1,6,0,6,85,5,67,9,19,17,149
52,mesa_12_1001421_recortada,9,9,4,0,54,5,5,20,99,10,179
53,mesa_12_1001831_recortada,5,11,3,0,106,62,9,11,78,19,199
54,mesa_12_1002071_recortada,7,9,8,2,72,1,2,79,91,10,158
55,mesa_12_1002531_recortada,609,11,0,2,99,1,6,9,41,46,301
56,mesa_12_1003261_recortada,8,8,3,2,39,3,9,30,92,14,174
57,mesa_12_1003521_recortada,64,11,4,7,87,5,4,11,67,822,195
58,mesa_12_1004001_recortada,7,11,4,1,0,3,1,13,67,41,194
59,mesa_12_1004231_recortada,603,11,2,0,95,2,5,11,643,648,201
60,mesa_12_1004361_recortada,6,1,0,0,106,501,6,10,31,39,196
61,mesa_12_1004531_recortada,11,4,0,1,8,0,10,13,35,53,903
62,mesa_12_1004771_recortada,6,13,0,0,707,1,8,13,527,32,185
63,mesa_12_1005341_recortada,12,603,4,3,63,7,6,11,35,15,180
64,mesa_12_1005601_recortada,8,4,10,0,74,7,4,74,92,4,123
65,mesa_12_1005731_recortada,7,9,5,2,63,807,8,20,0,35,184
66,mesa_12_1005931_recortada,906,6,863,883,68,1,801,816,888,11,124
67,mesa_12_1006281_recortada,68,556,650,601,619,661,557,669,61,666,361
68,mesa_12_1006871_recortada,5,72,7,0,706,2,0,74,40,28,799
69,mesa_12_1007491_recortada,1,11,3,1,36,2,4,24,62,29,199
70,mesa_12_1007671_recortada,9,16,1,0,24,5,6,12,83,11,201
71,mesa_12_1008231_recortada,6,9,7,7,77,2,9,25,78,15,186
72,mesa_12_1008431_recortada,3,7,1,7,706,1,565,5,639,33,120
73,mesa_12_1008561_recortada,13,12,905,2,30,2,14,940,981,6,160
74,mesa_12_1009001_recortada,10,11,4,1,58,1,4,30,12,18,171
75,mesa_12_1009881_recortada,111,451,833,611,351,481,111,111,111,111,111
76,mesa_13_1000901_recortada,1,12,4,1,100,0,4,14,37,34,193
77,mesa_13_1001841_recortada,2,9,605,0,121,4,5,9,31,59,199
78,mesa_13_1002081_recortada,11,6,6,1,35,4,5,41,79,16,159
79,mesa_13_1002541_recortada,9,17,0,0,103,1,5,9,40,78,203
80,mesa_13_1002721_recortada,16,4,600,3,24,3,0,40,86,10,164
81,mesa_13_1002951_recortada,6,11,1,1,9,1,9,30,12,31,180
82,mesa_13_1003271_recortada,18,9,5,0,24,4,4,34,94,17,170
83,mesa_13_1003531_recortada,693,15,2,1,109,1,7,21,40,20,199
84,mesa_13_1004011_recortada,53,865,102,50,91,805,558,7,870,581,901
85,mesa_13_1004371_recortada,4,12,2,0,94,1,6,8,41,38,207
86,mesa_13_1004781_recortada,7,14,3,0,112,1,3,7,37,43,300
87,mesa_13_1005351_recortada,7,50,9,4,54,7,3,57,90,59,562
88,mesa_13_1005611_recortada,14,3,6,1,74,3,2,47,70,1,100
89,mesa_13_1005741_recortada,12,9,97,900,92,1,5,15,7,24,195
90,mesa_13_1006291_recortada,17,7,10,0,517,3,0,81,77,3,119
91,mesa_13_1006881_recortada,5,17,0,2,89,2,5,6,645,40,204
92,mesa_13_1007501_recortada,18,13,4,2,551,1,6,30,559,28,176
93,mesa_13_1007681_recortada,668,660,601,0,609,607,8,94,571,24,203
94,mesa_13_1008241_recortada,0,10,5,6,49,3,0,24,10,616,168
95,mesa_13_1008441_recortada,3,7,3,1,102,2,5,11,40,31,192
96,mesa_13_1008831_recortada,96,9,94,1,71,995,93,913,70,21,327
97,mesa_13_1009151_recortada,809,15,2,1,57,2,5,87,71,23,185
98,mesa_13_1009891_recortada,10,0,18,3,35,4,5,30,89,14,165
99,mesa_14_1000911_recortada,1,9,90,901,1,0,902,4,3,9,32
100,mesa_14_1001441_recortada,5,0,7,3,40,0,8,29,82,23,176
101,mesa_14_1001851_recortada,3,8,1,0,85,2,5,17,63,35,193
102,mesa_14_1002091_recortada,16,10,4,1,37,2,3,49,6,69,181
103,mesa_14_1002551_recortada,8,11,1,0,87,7,9,12,46,31,302
104,mesa_14_1002961_recortada,11,573,604,604,41,5,4,33,5,616,176
105,mesa_14_1003281_recortada,12,501,9,3,33,2,4,31,99,3,151
106,mesa_14_1004021_recortada,83,1,5,1,11,5,0,19,21,809,91
107,mesa_14_1004381_recortada,4,10,663,6,180,89,910,19,835,30,206
108,mesa_14_1004551_recortada,3,13,0,3,130,3,6,10,32,40,308
109,mesa_14_1004791_recortada,8,15,1,1,113,3,5,0,20,43,210
110,mesa_14_1005361_recortada,805,12,3,981,84,1,5,30,83,94,174
111,mesa_14_1005951_recortada,130,9,4,1,61,1,4,28,84,24,187
112,mesa_14_1006301_recortada,817,3,6,1,11,3,8,45,93,18,146
113,mesa_14_1008251_recortada,659,855,981,507,551,206,17,92,61,71,165
114,mesa_14_1008581_recortada,10,4,7,1,32,2,7,40,4,1,122
115,mesa_14_1008841_recortada,6,14,4,3,93,2,7,40,64,74,196
116,mesa_14_1009901_recortada,16,11,0,0,8,1,5,50,95,10,153
117,mesa_15_1002101_recortada,9,7,7,7,29,2,64,20,93,21,187
118,mesa_15_1002561_recortada,4,9,7,0,86,4,3,19,45,43,196
119,mesa_15_1002741_recortada,13,6,9,99,26,7,2,937,712,10,171
120,mesa_15_1002971_recortada,9,619,8,1,84,4,804,11,61,95,184
121,mesa_15_1003291_recortada,0,14,4,2,33,2,3,51,97,43,113
122,mesa_15_1003551_recortada,6,10,3,1,91,3,2,13,43,23,183
123,mesa_15_1003791_recortada,900,11,3,2,80,2,905,72,53,638,140
124,mesa_15_1004391_recortada,804,10,1,1,115,0,6,7,37,12,306
125,mesa_15_1004561_recortada,4,3,0,0,6,3,13,12,46,33,168
126,mesa_15_1005371_recortada,505,13,500,501,59,4,15,597,74,36,496
127,mesa_15_1005761_recortada,7,6,4,3,60,7,7,96,78,96,182
128,mesa_15_1005961_recortada,7,9,6,1,59,4,4,26,61,30,177
129,mesa_15_1006311_recortada,12,2,17,9,4,1,6,60,79,6,113
130,mesa_15_1008261_recortada,19,814,2,2,62,0,4,15,90,12,184
131,mesa_15_1008851_recortada,14,9,7,5,66,91,97,25,59,926,175
132,mesa_15_1009911_recortada,13,5,1,3,20,4,0,44,91,23,164
133,mesa_16_1001871_recortada,6,17,2,0,103,501,9,2,36,41,206
134,mesa_16_1002571_recortada,7,14,1,0,102,4,11,610,20,29,204
135,mesa_16_1002751_recortada,8,0,13,4,30,0,4,37,87,20,167
136,mesa_16_1002981_recortada,5,8,6,1,70,1,8,54,65,29,183
137,mesa_16_1003301_recortada,9,11,7,1,36,3,506,84,93,17,176
138,mesa_16_1003561_recortada,1,13,2,1,64,1,4,9,46,25,160
139,mesa_16_1003801_recortada,7,18,1,3,7,1,8,13,9,39,293
140,mesa_16_1004811_recortada,3,7,1,0,41,0,9,5,12,36,298
141,mesa_16_1005771_recortada,7,15,1,55,79,509,4,14,48,44,194
142,mesa_16_1005971_recortada,6,10,0,1,60,6,4,27,76,73,194
143,mesa_16_1006321_recortada,7,4,10,1,79,0,10,52,89,669,158
144,mesa_16_1006911_recortada,1,14,1,1,87,0,10,515,3,28,198
145,mesa_16_1007531_recortada,7,14,8,0,69,2,6,72,63,17,178
146,mesa_16_1008271_recortada,10,3,1,3,19,0,12,16,71,645,117
147,mesa_16_1008861_recortada,4,7,6,4,30,0,8,27,31,17,106
148,mesa_16_1009181_recortada,7,9,0,2,47,2,7,24,78,31,179
149,mesa_16_1009921_recortada,71,7,5,3,15,3,50,39,52,4,93
150,mesa_17_1001471_recortada,5,9,3,3,64,1,2,97,92,19,912
151,mesa_17_1002121_recortada,9,4,4,6,35,3,5,32,107,9,179
152,mesa_17_1002581_recortada,6,14,1,0,100,0,5,604,545,47,272
153,mesa_17_1002991_recortada,4,13,2,0,83,3,2,23,66,36,185
154,mesa_17_1003311_recortada,8,0,4,4,51,2,6,21,86,43,115
155,mesa_17_1004411_recortada,1,1,5,1,91,3,5,1,79,35,135
156,mesa_17_1005391_recortada,7,6,5,1,30,5,909,31,61,23,139
157,mesa_17_1005781_recortada,17,7,6,9,89,0,8,20,59,29,102
158,mesa_17_1005981_recortada,5,17,4,5,74,0,5,85,69,55,194
159,mesa_17_1006331_recortada,90,4,10,1,96,2,5,54,75,6,139
160,mesa_17_1006921_recortada,5,6,666,602,767,7,605,614,49,636,205
161,mesa_17_1008281_recortada,12,8,8,0,54,0,11,18,55,31,169
162,mesa_18_1001481_recortada,14,16,9,601,68,9,5,21,63,18,265
163,mesa_18_1001891_recortada,6,13,1,2,111,1,4,9,23,24,803
164,mesa_18_1002131_recortada,14,10,11,1,26,5,8,12,104,18,170
165,mesa_18_1002591_recortada,7,18,1,1,691,4,6,16,25,24,175
166,mesa_18_1005791_recortada,5,17,3,0,10,0,5,10,50,32,196
167,mesa_18_1006931_recortada,66,79,3,0,84,61,3,18,62,663,187
168,mesa_18_1008291_recortada,814,11,3,1,55,1,5,25,66,55,178
169,mesa_19_1001491_recortada,6,0,7,0,57,603,4,19,93,73,194
170,mesa_19_1001901_recortada,6,10,4,5,90,1,3,17,30,36,106
171,mesa_19_1002141_recortada,79,4,55,0,83,5,4,35,57,51,117
172,mesa_19_1002781_recortada,7,2,5,1,34,1,10,37,110,15,190
173,mesa_19_1003011_recortada,7,0,3,2,56,3,13,94,72,24,105
174,mesa_19_1003331_recortada,215,91,915,991,25,251,921,621,24,11,121
175,mesa_19_1005411_recortada,13,11,3,1,56,3,5,30,70,30,181
176,mesa_19_1006001_recortada,115,810,111,111,115,387,111,111,111,115,448
177,mesa_19_1006351_recortada,18,603,11,61,18,1,5,51,92,7,175
178,mesa_19_1009211_recortada,9,30,3,1,53,1,5,13,70,1,87
179,mesa_1_1000341_recortada,93,21,1,1,114,0,9,10,917,33,197
180,mesa_1_1000381_recortada,6,920,90,9,8,1,86,1,21,37,185
181,mesa_1_1000411_recortada,3,2,0,660,153,0,2,5,19,40,213
182,mesa_1_1000441_recortada,8,54,503,0,705,4,73,8,87,44,954
183,mesa_1_1000501_recortada,5,10,0,0,120,1,0,5,21,58,209
184,mesa_1_1000631_recortada,64,5,0,0,730,57,6,6,36,35,305
185,mesa_1_1000711_recortada,4,10,1,0,120,1,6,5,19,34,909
186,mesa_1_1000921_recortada,10,6,0,1,123,0,4,4,20,42,206
187,mesa_1_1001021_recortada,6,7,0,600,118,0,6,11,21,42,100
188,mesa_1_1001191_recortada,1,17,3,1,117,0,7,6,31,31,903
189,mesa_1_1001311_recortada,13,10,5,3,47,2,4,40,71,17,173
190,mesa_1_1001651_recortada,7,10,0,3,105,3,8,8,29,47,912
191,mesa_1_1001721_recortada,3,9,3,1,90,7,4,5,47,36,108
192,mesa_1_1001921_recortada,7,10,4,7,82,5,4,82,74,14,198
193,mesa_1_1001961_recortada,8,9,6,1,31,4,3,45,91,10,147
194,mesa_1_1002221_recortada,1,7,1,0,100,0,7,24,47,33,196
195,mesa_1_1002601_recortada,0,6,7,1,31,8,9,59,26,15,160
196,mesa_1_1003091_recortada,6,14,3,1,118,1,8,5,35,34,217
197,mesa_1_1003151_recortada,9,14,4,0,26,2,6,42,87,9,162
198,mesa_1_1003411_recortada,3,994,1,1,191,9,611,15,941,639,195
199,mesa_1_1003571_recortada,11,6,3,1,60,992,8,85,105,17,167
200,mesa_1_1003891_recortada,3,13,1,2,68,1,7,13,76,31,201
201,mesa_1_1004031_recortada,15,503,3,3,546,504,500,52,88,14,165
202,mesa_1_1004111_recortada,0,5,1,0,93,1,3,5,34,8,74
203,mesa_1_1004121_recortada,4,14,1,0,96,0,10,14,46,31,201
204,mesa_1_1004251_recortada,4,806,8,990,92,1,5,17,26,49,193
205,mesa_1_1004421_recortada,13,9,1,0,82,0,9,9,41,38,962
206,mesa_1_1004851_recortada,18,3,4,4,60,0,4,80,76,32,121
207,mesa_1_1005071_recortada,4,12,111,0,103,6,6,1,38,45,311
208,mesa_1_1005491_recortada,17,7,9,1,74,5,8,54,96,3,157
209,mesa_1_1005821_recortada,7,15,65,3,63,5,4,16,78,36,191
210,mesa_1_1006061_recortada,0,7,3,2,68,3,3,29,71,17,110
211,mesa_1_1006171_recortada,91,10,4,3,19,0,9,3,77,11,139
212,mesa_1_1006511_recortada,7,10,2,2,78,5,2,22,70,23,203
213,mesa_1_1006761_recortada,7,14,0,1,98,0,10,11,44,37,206
214,mesa_1_1007161_recortada,7,14,0,1,104,3,4,7,47,30,209
215,mesa_1_1007351_recortada,19,4,4,0,37,0,3,48,47,0,159
216,mesa_1_1007561_recortada,3,6,4,1,78,0,8,33,55,33,703
217,mesa_1_1007931_recortada,6,10,3,1,78,3,3,613,55,19,195
218,mesa_1_1007971_recortada,6,18,2,1,110,2,1,0,30,29,191
219,mesa_1_1008321_recortada,1,12,0,0,105,3,12,9,43,35,211
220,mesa_1_1008711_recortada,7,70,7,3,46,0,3,37,90,77,780
221,mesa_1_1009031_recortada,8,3,1,65,54,8,8,35,79,619,205
222,mesa_1_1009591_recortada,7,17,1,1,962,2,6,29,62,20,177
223,mesa_1_1009691_recortada,10,608,508,501,39,3,4,31,105,10,279
224,mesa_1_1009771_recortada,19,9,1,2,24,3,4,546,30,16,158
225,mesa_1_1009941_recortada,506,8,6,0,37,2,5,39,83,8,193
226,mesa_1_1010041_recortada,9,4,69,3,36,506,2,46,79,8,147
227,mesa_1_1010211_recortada,73,3,8,51,23,1,554,55,87,72,788
228,mesa_20_1002151_recortada,4,9,6,3,39,9,5,39,97,19,166
229,mesa_20_1002791_recortada,617,59,68,61,240,1,604,98,88,612,172
230,mesa_20_1003341_recortada,11,10,4,3,40,3,5,22,93,14,179
231,mesa_20_1005421_recortada,6,23,7,1,1,3,4,31,60,16,130
232,mesa_20_1005811_recortada,9,6,7,0,57,2,8,47,35,25,736
233,mesa_20_1006011_recortada,5,19,5,4,55,7,7,17,87,95,786
234,mesa_20_1006951_recortada,1,12,1,0,102,0,10,12,56,34,106
235,mesa_20_1009221_recortada,10,14,5,0,49,4,1,15,77,17,113
236,mesa_21_1001511_recortada,15,8,1,508,85,801,2,820,79,16,190
237,mesa_21_1002161_recortada,19,5,6,2,91,2,4,37,99,19,157
238,mesa_21_1002801_recortada,9,9,6,1,73,8,3,76,90,11,127
239,mesa_21_1003031_recortada,70,79,9,3,79,0,7,99,64,93,197
240,mesa_21_1003351_recortada,116,6,5,809,89,101,8,34,107,13,134
241,mesa_21_1003851_recortada,6,15,4,2,9,2,2,15,38,37,191
242,mesa_21_1005431_recortada,4,13,6,3,17,63,9,21,58,26,185
243,mesa_21_1006021_recortada,25,32,3,3,56,601,8,12,70,76,198
244,mesa_21_1006961_recortada,4,9,2,1,59,0,7,5,19,25,134
245,mesa_22_1002171_recortada,8,30,0,0,27,3,4,32,95,75,562
246,mesa_22_1002811_recortada,9,7,4,1,80,3,5,36,70,15,166
247,mesa_22_1003041_recortada,6,5,2,8,84,2,8,613,66,26,167
248,mesa_22_1003861_recortada,6,15,5,3,60,3,11,14,564,20,189
249,mesa_22_1006031_recortada,8,10,3,3,95,7,3,31,77,21,184
250,mesa_22_1006381_recortada,16,8,4,1,99,4,9,41,113,9,178
251,mesa_23_1001531_recortada,806,14,9,1,60,3,0,84,84,98,190
252,mesa_23_1003051_recortada,8,15,9,0,71,0,8,18,71,99,209
253,mesa_23_1005451_recortada,3,14,7,7,70,3,3,16,71,31,157
254,mesa_24_1002191_recortada,89,6,6,1,25,63,2,24,877,9,119
255,mesa_24_1003061_recortada,5,12,5,0,33,3,3,16,5,35,154
256,mesa_24_1003381_recortada,11,8,3,3,34,0,4,37,96,12,159
257,mesa_24_1005461_recortada,4,4,0,7,67,7,4,70,84,27,781
258,mesa_24_1006051_recortada,13,9,6,1,57,1,3,86,8,25,177
259,mesa_24_1006401_recortada,974,8,810,2,27,891,84,841,896,9,552
260,mesa_25_1003071_recortada,12,18,4,0,61,4,7,27,65,25,182
261,mesa_25_1006411_recortada,47,5,992,7,19,7,597,911,919,6,171
262,mesa_26_1001561_recortada,6,6,1,0,76,0,1,25,21,616,135
263,mesa_26_1003081_recortada,5,5,2,1,42,1,2,10,39,20,100
264,mesa_26_1003401_recortada,2,1,1,0,12,0,2,5,29,0,45
265,mesa_26_1005481_recortada,3,7,1,1,44,3,2,13,45,9,114
266,mesa_27_1006431_recortada,8,0,0,0,4,0,0,10,6,0,12
267,mesa_2_1000391_recortada,5,12,6,1,113,2,3,8,24,46,206
268,mesa_2_1000421_recortada,2,56,7,0,140,1,84,9,6,11,304
269,mesa_2_1000511_recortada,98,606,0,1,129,5,625,7,15,621,806
270,mesa_2_1000591_recortada,65,45,0,0,182,2,8,11,44,33,202
271,mesa_2_1000641_recortada,5,50,0,0,114,0,7,5,56,645,798
272,mesa_2_1000721_recortada,6,11,1,0,171,0,6,4,19,43,106
273,mesa_2_1000791_recortada,0,10,0,1,98,9,9,15,40,35,801
274,mesa_2_1000981_recortada,8,9,1,0,132,7,0,968,10,35,209
275,mesa_2_1001031_recortada,3,9,2,7,110,3,6,7,39,43,303
276,mesa_2_1001201_recortada,3,11,3,1,101,2,4,8,27,41,102
277,mesa_2_1001321_recortada,7,79,6,7,59,2,4,53,99,990,809
278,mesa_2_1001731_recortada,0,7,3,1,103,0,6,10,36,43,300
279,mesa_2_1001931_recortada,12,8,0,3,80,2,3,13,75,77,210
280,mesa_2_1001971_recortada,12,5,9,3,31,4,4,40,81,16,159
281,mesa_2_1002611_recortada,116,112,615,113,651,113,111,211,1,214,111
282,mesa_2_1002841_recortada,9,22,3,0,74,1,858,14,60,21,198
283,mesa_2_1003101_recortada,5,16,3,1,108,1,11,2,33,36,211
284,mesa_2_1003161_recortada,8,11,6,5,33,3,5,48,93,20,472
285,mesa_2_1003421_recortada,7,7,2,0,88,2,9,80,46,32,191
286,mesa_2_1003901_recortada,9,4,3,0,80,6,0,27,87,30,196
287,mesa_2_1004041_recortada,805,6,12,3,20,4,3,15,141,3,12
288,mesa_2_1004131_recortada,9,12,2,0,97,2,2,12,57,44,208
289,mesa_2_1004431_recortada,2,6,0,0,122,2,7,6,31,39,209
290,mesa_2_1004671_recortada,6,30,0,0,102,2,5,15,34,33,201
291,mesa_2_1004831_recortada,7,13,601,66,100,6,5,7,48,41,214
292,mesa_2_1005021_recortada,1,14,1,1,115,1,2,11,28,31,303
293,mesa_2_1005081_recortada,1,9,9,1,54,0,7,13,50,39,2
294,mesa_2_1005241_recortada,606,7,7,0,56,1,4,36,81,59,185
295,mesa_2_1005501_recortada,819,4,670,83,80,2,1,67,95,606,743
296,mesa_2_1005631_recortada,0,8,7,1,94,2,9,13,50,33,704
297,mesa_2_1006771_recortada,0,10,2,5,6,1,11,7,1,27,210
298,mesa_2_1007171_recortada,10,10,0,901,90,93,10,30,37,35,196
299,mesa_2_1007241_recortada,3,617,2,0,95,2,1,12,42,38,169
300,mesa_2_1007291_recortada,9,11,1,3,51,3,9,35,83,35,191
301,mesa_2_1007391_recortada,6,17,6,0,46,3,5,25,77,22,175
302,mesa_2_1007571_recortada,2,4,3,2,73,1,8,19,61,20,177
303,mesa_2_1007891_recortada,16,13,2,0,63,4,7,20,60,19,181
304,mesa_2_1007941_recortada,11,15,3,901,6,1,93,75,62,19,134
305,mesa_2_1007981_recortada,4,76,551,606,12,651,6,555,19,543,214
306,mesa_2_1008061_recortada,9,72,2,3,92,4,0,77,47,37,190
307,mesa_2_1008461_recortada,16,10,7,801,41,2,2,29,101,12,597
308,mesa_2_1008601_recortada,11,5,0,0,33,7,72,40,84,9,186
309,mesa_2_1008721_recortada,5,16,3,1,69,9,11,82,71,30,189
310,mesa_2_1008881_recortada,3,3,0,900,11,3,1,0,12,902,31
311,mesa_2_1008901_recortada,57,17,606,3,65,1,604,30,14,15,191
312,mesa_2_1009511_recortada,7,14,9,0,92,0,10,17,41,40,704
313,mesa_2_1009601_recortada,911,8,4,1,49,1,6,26,73,19,171
314,mesa_2_1009781_recortada,0,3,7,4,32,7,4,40,96,9,167
315,mesa_2_1009951_recortada,30,3,7,1,20,0,1,56,76,11,132
316,mesa_2_1010221_recortada,53,0,3,1,8,1,1,10,10,2,38
317,mesa_3_1000361_recortada,4,16,4,1,113,1,4,1,97,32,197
318,mesa_3_1000801_recortada,70,11,1,0,87,1,7,10,38,34,207
319,mesa_3_1000941_recortada,3,6,1,0,125,1,5,7,12,45,301
320,mesa_3_1001041_recortada,4,14,1,560,116,2,4,619,87,20,203
321,mesa_3_1001671_recortada,3,7,800,60,124,0,8,13,30,43,306
322,mesa_3_1001741_recortada,3,8,0,0,110,2,7,9,33,35,193
323,mesa_3_1001941_recortada,5,7,2,0,77,6,3,15,71,24,193
324,mesa_3_1002851_recortada,11,910,4,2,89,2,0,914,900,22,199
325,mesa_3_1003111_recortada,8,12,1,2,111,1,8,10,71,36,202
326,mesa_3_1003171_recortada,3,8,10,0,53,1,3,83,72,90,170
327,mesa_3_1003431_recortada,9,13,3,3,80,4,7,13,49,31,196
328,mesa_3_1003591_recortada,11,6,3,1,44,3,8,34,91,17,181
329,mesa_3_1003671_recortada,8,14,62,0,72,1,11,10,67,83,201
330,mesa_3_1004051_recortada,13,5,8,2,32,3,9,46,100,13,170
331,mesa_3_1004441_recortada,4,16,1,0,96,2,8,8,34,38,129
332,mesa_3_1004681_recortada,992,19,0,0,116,0,97,9,94,46,901
333,mesa_3_1004841_recortada,3,8,0,0,77,3,2,4,24,21,133
334,mesa_3_1004941_recortada,500,7,602,2,64,2,504,12,74,33,107
335,mesa_3_1005091_recortada,5,15,3,3,87,2,3,14,63,31,201
336,mesa_3_1005251_recortada,2,14,5,0,91,1,7,654,55,26,197
337,mesa_3_1005511_recortada,10,7,5,0,15,4,3,664,7,7,134
338,mesa_3_1005841_recortada,14,910,3,3,49,5,7,73,75,70,160
339,mesa_3_1006081_recortada,10,5,3,7,50,4,1,27,79,11,121
340,mesa_3_1006191_recortada,9,8,10,1,81,0,805,49,99,11,147
341,mesa_3_1006531_recortada,8,8,3,4,76,4,10,20,57,31,208
342,mesa_3_1006781_recortada,6,14,1,1,93,1,9,16,44,87,184
343,mesa_3_1007181_recortada,8,11,1,1,86,1,9,12,9,32,305
344,mesa_3_1007251_recortada,1,9,3,1,104,1,6,7,40,33,195
345,mesa_3_1007371_recortada,7,1,3,0,11,2,0,59,35,4,60
346,mesa_3_1007401_recortada,9,6,4,4,863,503,509,38,60,70,267
347,mesa_3_1007581_recortada,3,9,3,2,7,4,0,19,37,14,195
348,mesa_3_1007711_recortada,810,6,4,0,67,5,4,24,79,10,184
349,mesa_3_1007901_recortada,7,17,1,0,64,3,3,19,8,15,192
350,mesa_3_1007951_recortada,5,14,3,961,10,0,807,18,70,34,191
351,mesa_3_1007991_recortada,7,17,0,0,106,0,6,6,29,39,204
352,mesa_3_1008071_recortada,606,15,3,6,87,7,13,15,40,15,147
353,mesa_3_1008141_recortada,4,6,61,1,36,604,9,21,18,23,101
354,mesa_3_1008341_recortada,7,77,2,7,4,4,5,8,43,38,303
355,mesa_3_1008471_recortada,918,7,8,909,31,2,96,94,109,909,192
356,mesa_3_1008611_recortada,8,0,4,1,19,6,7,51,80,11,160
357,mesa_3_1009261_recortada,4,5,1,0,114,600,6,14,26,40,206
358,mesa_3_1009521_recortada,9,10,4,0,84,1,5,16,41,33,181
359,mesa_3_1009611_recortada,210,1,10,901,49,2,94,17,62,25,116
360,mesa_3_1009711_recortada,5,6,1,2,20,1,5,45,107,8,161
361,mesa_3_1009791_recortada,580,3,8,0,33,902,5,68,75,11,148
362,mesa_3_1010061_recortada,21,6,8,4,26,3,0,57,76,9,148
363,mesa_4_1000371_recortada,1,1,0,8,609,0,60,1,27,0,16
364,mesa_4_1000531_recortada,6,9,7,0,125,4,30,4,36,41,217
365,mesa_4_1000611_recortada,4,14,0,0,122,0,6,3,27,37,206
366,mesa_4_1000661_recortada,2,6,0,0,110,1,2,8,26,48,805
367,mesa_4_1000741_recortada,6,66,1,0,132,0,4,600,19,38,306
368,mesa_4_1000811_recortada,3,15,5,0,103,3,6,10,36,29,195
369,mesa_4_1000951_recortada,7,4,0,0,137,2,7,4,23,35,305
370,mesa_4_1001001_recortada,2,11,0,0,435,600,10,6,0,46,300
371,mesa_4_1001051_recortada,6,9,5,90,115,2,9,5,654,37,104
372,mesa_4_1001221_recortada,3,14,1,1,66,1,10,3,37,43,203
373,mesa_4_1001681_recortada,4,33,0,1,714,4,13,6,56,35,211
374,mesa_4_1001751_recortada,6,906,1,900,100,0,66,16,41,29,196
375,mesa_4_1001991_recortada,13,9,7,1,14,5,6,41,4,6,144
376,mesa_4_1002631_recortada,74,7,7,1,27,4,4,40,300,71,169
377,mesa_4_1002861_recortada,3,9,1,3,38,3,1,31,1,33,191
378,mesa_4_1003121_recortada,8,19,3,0,113,1,13,3,32,36,213
379,mesa_4_1003441_recortada,2,12,2,0,54,6,5,87,65,99,113
380,mesa_4_1003681_recortada,4,13,4,3,65,2,6,20,73,38,185
381,mesa_4_1003921_recortada,6,9,7,2,57,7,4,34,77,37,186
382,mesa_4_1004151_recortada,5,7,9,0,91,4,905,9,49,31,199
383,mesa_4_1004281_recortada,7,7,1,0,709,4,7,7,40,30,902
384,mesa_4_1004691_recortada,5,1,3,600,32,3,6,24,638,649,389
385,mesa_4_1005041_recortada,6,73,5,7,708,2,5,75,53,36,307
386,mesa_4_1005101_recortada,4,21,0,1,106,1,6,13,44,31,204
387,mesa_4_1005261_recortada,8,17,5,0,60,1,6,90,84,94,108
388,mesa_4_1005521_recortada,14,3,9,2,10,3,4,76,87,5,122
389,mesa_4_1005851_recortada,3,35,3,3,60,1,3,34,6,33,180
390,mesa_4_1006541_recortada,6,19,9,1,85,4,4,15,1,41,219
391,mesa_4_1006791_recortada,6,36,8,2,74,5,5,14,66,29,190
392,mesa_4_1007191_recortada,4,14,501,3,9,1,8,10,43,33,205
393,mesa_4_1007261_recortada,8,11,0,8,106,2,6,614,98,89,10
394,mesa_4_1007311_recortada,5,9,0,5,978,2,3,21,60,70,188
395,mesa_4_1007411_recortada,19,9,5,9,43,3,7,34,19,19,179
396,mesa_4_1007591_recortada,6,12,1,1,65,1,9,26,79,27,210
397,mesa_4_1007721_recortada,5,7,2,889,51,4,8,18,102,10,193
398,mesa_4_1007961_recortada,9,1,1,69,12,1,91,7,19,5,37
399,mesa_4_1008151_recortada,909,14,95,5,11,1,4,49,62,10,165
400,mesa_4_1008351_recortada,5,15,654,0,75,94,9,20,50,40,205
401,mesa_4_1008621_recortada,16,1,8,602,20,0,1,52,98,669,141
402,mesa_4_1008921_recortada,11,13,4,2,65,3,5,92,77,25,100
403,mesa_4_1009271_recortada,4,17,0,7,107,0,0,0,47,33,109
404,mesa_4_1009531_recortada,9,8,4,1,78,1,6,21,45,37,185
405,mesa_4_1009621_recortada,809,75,3,0,46,3,6,38,58,30,166
406,mesa_4_1009721_recortada,510,8,8,0,30,9,1,34,105,20,175
407,mesa_4_1009801_recortada,9,0,14,3,21,2,5,50,673,9,139
408,mesa_4_1009971_recortada,7,9,11,7,30,0,4,45,81,11,150
409,mesa_4_1010071_recortada,43,0,7,9,91,3,2,64,84,11,159
410,mesa_5_1000481_recortada,4,3,2,0,109,0,12,12,26,44,197
411,mesa_5_1000671_recortada,4,5,0,0,137,0,11,56,51,30,304
412,mesa_5_1000821_recortada,8,20,1,0,93,18,5,15,10,36,305
413,mesa_5_1001011_recortada,909,990,901,900,50,0,905,4,93,15,90
414,mesa_5_1001061_recortada,117,127,196,110,174,117,119,140,196,141,111
415,mesa_5_1001231_recortada,6,8,3,0,102,1,11,5,36,33,187
416,mesa_5_1001761_recortada,8,39,1,1,97,3,3,10,33,30,120
417,mesa_5_1002001_recortada,11,4,3,4,29,2,4,37,104,600,166
418,mesa_5_1002461_recortada,0,6,57,3,23,3,811,19,947,30,185
419,mesa_5_1003131_recortada,1,20,0,1,106,901,8,9,52,31,902
420,mesa_5_1003191_recortada,10,18,3,2,39,3,1,32,87,1,170
421,mesa_5_1003451_recortada,1,9,1,0,93,2,7,19,80,99,199
422,mesa_5_1003611_recortada,0,9,9,3,43,1,605,31,93,24,196
423,mesa_5_1003931_recortada,2,9,3,1,77,1,4,12,63,47,108
424,mesa_5_1004071_recortada,10,0,5,1,29,2,5,44,99,16,156
425,mesa_5_1004291_recortada,506,0,600,550,405,604,603,20,647,57,203
426,mesa_5_1004461_recortada,3,909,95,9,106,2,6,55,40,33,799
427,mesa_5_1004701_recortada,7,11,0,0,109,1,6,5,35,55,918
428,mesa_5_1005111_recortada,6,10,0,0,96,3,2,12,56,33,213
429,mesa_5_1005531_recortada,1,7,4,3,18,2,3,74,93,10,141
430,mesa_5_1005861_recortada,10,9,3,1,49,1,4,14,93,21,187
431,mesa_5_1006211_recortada,812,4,9,0,70,7,4,44,91,70,154
432,mesa_5_1006801_recortada,6,10,7,1,7,1,3,12,51,50,100
433,mesa_5_1007201_recortada,4,312,605,1,99,3,6,619,33,33,186
434,mesa_5_1007271_recortada,1,3,1,0,42,0,3,1,10,10,76
435,mesa_5_1007321_recortada,8,1,4,3,63,0,6,28,68,30,195
436,mesa_5_1007421_recortada,11,4,6,99,936,2,96,36,75,21,157
437,mesa_5_1007601_recortada,3,19,4,4,73,2,3,20,67,26,196
438,mesa_5_1007921_recortada,15,508,506,3,68,6,6,23,672,91,178
439,mesa_5_1008091_recortada,53,17,551,555,111,52,957,551,513,527,711
440,mesa_5_1008161_recortada,10,8,8,0,41,7,9,37,86,6,162
441,mesa_5_1008361_recortada,1,8,3,1,1,9,12,12,47,36,108
442,mesa_5_1008491_recortada,73,15,0,7,39,0,2,26,706,74,784
443,mesa_5_1008631_recortada,14,909,6,7,70,1,7,45,71,17,147
444,mesa_5_1008751_recortada,19,9,2,1,64,9,1,96,64,99,199
445,mesa_5_1009281_recortada,66,74,5,5,104,3,5,13,26,41,205
446,mesa_5_1009541_recortada,0,13,9,1,82,7,6,22,41,94,170
447,mesa_5_1009631_recortada,211,11,12,9,40,4,503,99,87,92,188
448,mesa_5_1009811_recortada,10,7,10,2,94,2,2,47,76,11,759
449,mesa_5_1009981_recortada,10,10,6,1,73,1,8,48,84,12,145
450,mesa_5_1010081_recortada,111,111,111,111,111,111,111,111,111,111,111
451,mesa_6_1000491_recortada,1,1,111,3,11,111,1,2,2,9,18
452,mesa_6_1000551_recortada,83,18,200,0,106,202,65,16,86,845,216
453,mesa_6_1000681_recortada,1,5,7,7,737,7,4,502,20,42,201
454,mesa_6_1000761_recortada,3,15,0,1,115,4,87,95,14,36,708
455,mesa_6_1000831_recortada,54,5,1,97,151,1,902,71,75,74,251
456,mesa_6_1001071_recortada,19,6,0,1,184,3,7,6,90,40,990
457,mesa_6_1001241_recortada,5,15,1,3,28,0,14,8,33,38,304
458,mesa_6_1001621_recortada,3,4,2,0,113,2,10,73,31,36,201
459,mesa_6_1001701_recortada,8,15,1,0,98,1,4,0,31,40,803
460,mesa_6_1001771_recortada,67,9,2,600,83,7,0,10,47,36,186
461,mesa_6_1002011_recortada,7,3,5,8,86,7,1,46,106,9,161
462,mesa_6_1002651_recortada,7,4,506,1,88,9,6,64,91,8,141
463,mesa_6_1002881_recortada,17,6,4,2,51,8,5,31,18,13,168
464,mesa_6_1003141_recortada,0,9,7,7,612,3,4,608,77,56,721
465,mesa_6_1003201_recortada,9,19,3,0,31,1,2,38,102,14,171
466,mesa_6_1003461_recortada,8,9,3,3,81,2,8,16,68,39,206
467,mesa_6_1003701_recortada,8,15,4,0,5,1,4,34,60,80,183
468,mesa_6_1004081_recortada,38,5,9,0,69,0,2,61,90,7,149
469,mesa_6_1004171_recortada,63,11,3,0,99,3,3,18,54,31,504
470,mesa_6_1004301_recortada,2,6,0,0,110,3,6,0,28,45,208
471,mesa_6_1004471_recortada,7,0,7,1,93,1,6,6,41,37,196
472,mesa_6_1004711_recortada,6,6,1,0,38,3,3,14,33,3,186
473,mesa_6_1004901_recortada,1,9,1,1,1,5,6,91,82,20,190
474,mesa_6_1005061_recortada,1,4,0,880,841,0,91,4,6,14,91
475,mesa_6_1005281_recortada,10,7,6,51,42,2,4,21,74,21,171
476,mesa_6_1005541_recortada,18,50,10,1,88,4,4,53,87,9,142
477,mesa_6_1005671_recortada,6,85,4,0,80,1,11,20,56,36,147
478,mesa_6_1005871_recortada,7,6,6,2,43,2,3,35,937,21,330
479,mesa_6_1006111_recortada,8,14,4,2,51,6,2,43,14,13,170
480,mesa_6_1006811_recortada,3,914,1,0,84,1,10,14,54,12,704
481,mesa_6_1007211_recortada,3,0,51,1,105,3,4,7,45,35,208
482,mesa_6_1007331_recortada,11,13,7,600,72,1,0,93,60,96,193
483,mesa_6_1007611_recortada,1,10,3,0,83,2,9,22,64,26,199
484,mesa_6_1007741_recortada,8,11,7,2,62,2,5,89,69,87,197
485,mesa_6_1008101_recortada,111,121,111,111,611,111,411,111,833,954,141
486,mesa_6_1008171_recortada,8,72,10,3,38,0,4,27,69,15,146
487,mesa_6_1008371_recortada,3,0,7,0,105,3,5,12,41,27,101
488,mesa_6_1008641_recortada,24,6,12,2,20,2,8,20,87,11,160
489,mesa_6_1008761_recortada,3,30,1,3,62,0,5,922,78,37,378
490,mesa_6_1009291_recortada,8,5,669,666,112,1,1,611,10,18,186
491,mesa_6_1009641_recortada,13,23,7,4,51,1,10,19,57,16,186
492,mesa_6_1009741_recortada,13,86,8,5,28,66,2,57,80,2,111
493,mesa_6_1009991_recortada,16,70,72,1,71,1,7,41,82,9,151
494,mesa_6_1010091_recortada,10,2,11,800,0,1,8,12,1,14,185
495,mesa_7_1000561_recortada,7,5,1,0,111,1,1,8,18,54,198
496,mesa_7_1000771_recortada,5,8,4,1,730,1,3,4,70,32,113
497,mesa_7_1001251_recortada,3,9,0,0,108,5,3,3,33,42,203
498,mesa_7_1001371_recortada,8,7,9,3,46,0,6,98,73,30,174
499,mesa_7_1001631_recortada,3,46,2,1,107,4,906,20,72,15,107
500,mesa_7_1001711_recortada,3,3,0,0,40,0,4,3,10,10,70
501,mesa_7_1001781_recortada,5,11,1,7,72,1,13,58,37,51,198
502,mesa_7_1002481_recortada,10,5,0,0,93,8,10,11,41,25,167
503,mesa_7_1002661_recortada,8,8,19,4,42,4,2,33,79,14,161
504,mesa_7_1002891_recortada,7,611,603,800,684,3,4,31,80,18,183
505,mesa_7_1003471_recortada,8,7,2,801,60,4,10,18,49,823,196
506,mesa_7_1003631_recortada,1,10,3,6,49,1,5,34,9,21,116
507,mesa_7_1003951_recortada,4,7,3,0,73,4,5,76,70,31,184
508,mesa_7_1004091_recortada,8,2,7,4,86,6,5,36,770,78,788
509,mesa_7_1004181_recortada,300,8,609,1,108,9,605,10,59,93,808
510,mesa_7_1004481_recortada,60,13,1,666,100,1,63,0,34,43,210
511,mesa_7_1004721_recortada,4,0,7,7,704,7,1,0,28,47,727
512,mesa_7_1005291_recortada,81,57,8,20,642,6,502,22,41,24,801
513,mesa_7_1005551_recortada,14,8,8,0,10,3,3,75,83,4,154
514,mesa_7_1005881_recortada,0,12,3,4,44,9,5,28,90,19,184
515,mesa_7_1006231_recortada,99,566,5,1,516,1,2,50,86,5,150
516,mesa_7_1006821_recortada,6,12,3,563,80,9,63,14,58,76,202
517,mesa_7_1007221_recortada,3,10,0,0,89,3,6,8,36,40,196
518,mesa_7_1007341_recortada,2,3,0,0,1,7,7,503,89,7,33
519,mesa_7_1007441_recortada,5,13,6,80,47,1,884,13,77,18,184
520,mesa_7_1008111_recortada,9,8,0,1,77,1,1,2,823,831,101
521,mesa_7_1008181_recortada,613,25,508,111,612,373,111,111,111,561,338
522,mesa_7_1008381_recortada,3,8,0,0,107,4,7,9,47,33,217
523,mesa_7_1008511_recortada,57,0,4,1,41,7,7,34,94,12,167
524,mesa_7_1008771_recortada,575,7,7,0,64,1,605,71,87,17,199
525,mesa_7_1008951_recortada,8,6,0,3,48,3,9,29,4,16,174
526,mesa_7_1009091_recortada,4,613,61,61,660,3,63,13,665,626,170
527,mesa_7_1009561_recortada,381,817,205,50,962,55,821,319,45,87,449
528,mesa_7_1009651_recortada,10,15,7,4,37,2,2,23,61,29,160
529,mesa_7_1009751_recortada,15,609,8,503,27,14,1,40,99,12,188
530,mesa_7_1010001_recortada,10,7,10,3,30,1,5,46,80,13,164
531,mesa_8_1000571_recortada,111,111,148,146,144,111,154,111,151,111,111
532,mesa_8_1000701_recortada,0,7,0,0,25,7,2,0,507,7,54
533,mesa_8_1000851_recortada,3,17,2,0,93,1,9,10,38,33,184
534,mesa_8_1001091_recortada,6,10,7,0,113,1,36,0,30,40,701
535,mesa_8_1001261_recortada,387,815,291,827,107,881,215,515,342,326,122
536,mesa_8_1001381_recortada,67,1,5,0,60,1,9,22,86,616,178
537,mesa_8_1001641_recortada,2,10,6,0,70,0,6,8,97,9,147
538,mesa_8_1002671_recortada,8,17,4,3,39,3,4,29,87,15,171
539,mesa_8_1002901_recortada,11,15,3,0,77,5,5,18,55,30,188
540,mesa_8_1003221_recortada,8,2,1,2,43,7,9,71,84,17,160
541,mesa_8_1003641_recortada,1,6,1,0,17,0,2,16,59,10,96
542,mesa_8_1003721_recortada,0,13,1,3,6,1,5,32,56,74,194
543,mesa_8_1003961_recortada,70,5,2,2,3,4,4,22,83,79,790
544,mesa_8_1004101_recortada,7,2,7,0,29,3,0,32,67,6,776
545,mesa_8_1004191_recortada,7,14,2,903,106,0,1,7,18,37,310
546,mesa_8_1004321_recortada,3,7,3,7,330,7,7,17,22,43,799
547,mesa_8_1004491_recortada,9,10,1,0,86,3,10,10,44,39,307
548,mesa_8_1004731_recortada,9,13,1,0,89,0,12,19,49,36,819
549,mesa_8_1005301_recortada,504,47,7,3,66,3,3,32,53,23,171
550,mesa_8_1005561_recortada,10,4,11,0,14,2,4,675,88,4,127
551,mesa_8_1005691_recortada,8,8,594,2,73,1,661,414,461,674,167
552,mesa_8_1006241_recortada,21,9,14,1,29,2,2,52,92,2,159
553,mesa_8_1006831_recortada,10,14,0,2,99,5,4,9,4,71,960
554,mesa_8_1007631_recortada,2,52,5,7,68,6,9,19,67,55,257
555,mesa_8_1008521_recortada,18,17,12,63,31,2,85,53,83,3,104
556,mesa_8_1008661_recortada,15,5,10,7,93,1,2,58,83,11,342
557,mesa_8_1008781_recortada,6,5,5,1,56,3,12,71,73,30,186
558,mesa_8_1009101_recortada,1,15,9,4,49,7,913,29,34,53,169
559,mesa_8_1009661_recortada,607,15,10,1,65,1,4,18,80,34,187
560,mesa_8_1009841_recortada,16,6,11,2,20,1,5,47,97,4,167
561,mesa_8_1010011_recortada,15,3,1,7,36,7,5,44,80,4,786
562,mesa_9_1000861_recortada,4,20,2,1,103,1,8,7,30,34,202
563,mesa_9_1001101_recortada,5,33,8,0,115,1,5,8,25,43,304
564,mesa_9_1002041_recortada,3,6,3,7,70,1,7,39,103,15,169
565,mesa_9_1002501_recortada,8,10,2,3,660,63,12,17,40,31,188
566,mesa_9_1002681_recortada,14,1,1,2,20,2,5,49,5,15,169
567,mesa_9_1002911_recortada,6,5,4,1,70,1,7,74,7,17,185
568,mesa_9_1003231_recortada,11,1,6,0,40,2,9,39,7,4,166
569,mesa_9_1003491_recortada,3,9,1,9,99,0,10,90,55,80,190
570,mesa_9_1003731_recortada,5,20,605,901,633,7,12,16,50,29,191
571,mesa_9_1004201_recortada,6,9,0,0,702,3,5,16,43,33,201
572,mesa_9_1004501_recortada,4,11,1,9,109,0,6,30,11,50,191
573,mesa_9_1004741_recortada,2,77,3,0,83,2,8,14,27,46,207
574,mesa_9_1005001_recortada,3,3,7,0,79,0,0,4,79,6,49
575,mesa_9_1005571_recortada,14,3,11,1,17,2,5,54,97,6,145
576,mesa_9_1005901_recortada,19,14,5,2,69,0,85,39,885,819,176
577,mesa_9_1006141_recortada,95,0,2,2,57,5,5,30,35,16,137
578,mesa_9_1007461_recortada,6,16,7,4,53,7,7,20,67,19,161
579,mesa_9_1008201_recortada,210,9,7,607,22,3,5,29,93,5,160
580,mesa_9_1008531_recortada,18,0,4,504,87,4,509,69,100,7,189
581,mesa_9_1008671_recortada,10,12,10,2,29,1,3,38,87,7,160
582,mesa_9_1008971_recortada,1,13,6,2,39,2,6,30,79,26,172
583,mesa_9_1009111_recortada,6,10,7,2,50,0,5,23,7,19,190
584,mesa_9_1009581_recortada,5,8,8,0,90,7,77,23,57,38,909
585,mesa_9_1010021_recortada,8,4,1,0,37,3,5,39,93,18,109
